<beans xmlns="http://www.springframework.org/schema/beans"
	xmlns:xsi="http://www.w3.org/2001/XMLSchema-instance" xmlns:context="http://www.springframework.org/schema/context"
	xsi:schemaLocation="http://www.springframework.org/schema/beans
     http://www.springframework.org/schema/beans/spring-beans-3.0.xsd
     http://www.springframework.org/schema/context
     http://www.springframework.org/schema/context/spring-context-3.0.xsd">
	

 <context:component-scan base-package="com.igate.*"/>
  <context:annotation-config />
 <bean id="multipartResolver"  class="org.springframework.web.multipart.commons.CommonsMultipartResolver"/>
   
  <bean id="viewResolver" class="org.springframework.web.servlet.view.InternalResourceViewResolver">
		<property name="viewClass">
			<value>org.springframework.web.servlet.view.JstlView</value>
		</property>
		<property name="prefix"><value>/</value></property>
		<property name="suffix"><value>.jsp</value></property>
  </bean> 
  
<!--   <bean id="multipartResolver"
    class="org.springframework.web.multipart.commons.CommonsMultipartResolver">

    one of the properties available; the maximum file size in bytes
    <property name="maxUploadSize" value="100000"/>
</bean> -->
  
 
</beans>

